"timepoint","module_projected","count","proportion"
"Sham","M1",75,0.401069518716578
"Sham","M2",59,0.315508021390374
"Sham","M3",53,0.283422459893048
"d1","M1",210,0.371681415929204
"d1","M2",207,0.366371681415929
"d1","M3",148,0.261946902654867
"d3","M1",120,0.347826086956522
"d3","M2",138,0.4
"d3","M3",87,0.252173913043478
"d7","M1",123,0.326259946949602
"d7","M2",144,0.381962864721485
"d7","M3",110,0.291777188328912
