"dataset","cosine_similarity","prop_M1_D3","prop_M2_D3","prop_M3_D3","prop_M1_D1","prop_M2_D1","prop_M3_D1"
"D3",0.874227290919201,0.531723349528437,0.267076307516433,0.20120034295513,0.284491978609626,0.428877005347594,0.286631016042781
