"","Gsr","Gclc","Gclm","Suclg1","Sucla2","Sdha","Sdhb","Kat2a","Kat2b","Sirt5","Ldha","Ldhb","Slc16a1","Slc16a3","Ep300","Hdac1","Hdac2","Hdac3","Sirt1","Sirt2","Sirt3","Padi4"
"1",2.22044604925031e-16,0.00661086674097008,2.22044604925031e-16,2.22044604925031e-16,2.22044604925031e-16,0.0601392722212641,0.0829180073099805,2.22044604925031e-16,0.0129892953227247,0.000219129310321952,2.22044604925031e-16,0.29201188312235,2.22044604925031e-16,0.0278555486721408,0.0336743951593804,2.22044604925031e-16,2.22044604925031e-16,2.22044604925031e-16,2.22044604925031e-16,0.132555678044861,2.22044604925031e-16,2.22044604925031e-16
"2",0.0579806519065049,2.22044604925031e-16,0.156200344727886,2.22044604925031e-16,2.22044604925031e-16,0.0617387240929041,0.079403440754356,2.22044604925031e-16,0.00620662324572598,2.22044604925031e-16,0.26392594918004,2.22044604925031e-16,0.123697266051793,2.22044604925031e-16,2.22044604925031e-16,0.102693463106567,2.22044604925031e-16,2.22044604925031e-16,2.22044604925031e-16,2.22044604925031e-16,2.22044604925031e-16,0.000274849345297918
"3",2.22044604925031e-16,0.0168671394651436,2.22044604925031e-16,0.133660570047819,0.108007273373327,0.0529910122622841,0.0765734425229567,0.0299768437942962,2.22044604925031e-16,0.0117336308420862,0.168475235179537,2.22044604925031e-16,2.22044604925031e-16,2.22044604925031e-16,2.22044604925031e-16,2.22044604925031e-16,0.0709315404815323,0.0660366548646296,0.00897012194451405,2.22044604925031e-16,0.0273219097523214,2.22044604925031e-16
