"rank","cophenetic","rss"
2,0.891073443983739,4639.11085400048
3,0.725894479732336,4140.267362407
4,0.636152371547579,3703.64869353985
5,0.663384955208667,3279.05513038072
6,0.519228445151412,2763.42492112431
7,0.702236806459832,2399.48947186679
8,0.625058108942655,1929.09027324287
9,0.671150657523561,1534.32268616052
10,0.730204984274677,1276.69337789715
